Nom,Autre titre possible,Avancée,Lieu,Tournage,Volume/mensuel,concurrence,mot clef seo
,,,,,,,
Modèle de Script,,,,,,,
Tuto/Valeur 1 : Comment fonctionne le remboursement assurance pare brise ?,,Titré mais pas encore de script,,11 novembre 2025,,,
Tuto/Valeur 2 : Erreurs fatales des débutants en pose de pare brise [ Série ],,Titré mais pas encore de script,,11 novembre 2025,,,
Tuto/Valeur 3 : Dois je prendre un local ou non pour me lancer dans la pose de pare brise à mon compte ?,,Titré mais pas encore de script,,11 novembre 2025,,,
Tuto/Valeur 4 : Matériel minimum pour démarrer son activité,,Titré mais pas encore de script,,11 novembre 2025,,,
Titre concurrent 9 : Comment faire 6 000 € par mois en posant des pare‑brise ?,,Titré mais pas encore de script,,17 novembre 2025,,,
Titre concurrent 8 : Rentabiliser votre entreprise de pose de pare‑brise en 10 jours,,Titré mais pas encore de script,,17 novembre 2025,,,
Titre concurrent 7 : 400 € par jour grâce à la pose de pare‑brise : mythe ou réalité ?,,Titré mais pas encore de script,,17 novembre 2025,,,
Tuto/Valeur 9 : Top 5 vérification avant d’accepter un pare brise commandé,,Titré mais pas encore de script,,18 novembre 2025,,,
"Mon parcours 4 : Mes débuts en tant que technicien [ série ] ancdote qui m’a fait reflechir le gars d’anecy plusieurs km pour des années ",,Titré mais pas encore de script,,12 novembre 2025,,,
Mon parcours 3 : Le jour ou j’ai tout perdu - retour au bercail après 10 ans d’expatriation [ série ],,Titré mais pas encore de script,,12 novembre 2025,,,
Mon parcours 2 : Avant le pare brise ce que je faisais [ série ],,Titré mais pas encore de script,,12 novembre 2025,,,
Mon parcours 1 : Comment j’ai découvert le pare brise mon histoire [série] ( toujours finir l’histoire avec une fin incomplète suspens dire la suite dans l’autre vidéo ),,Titré mais pas encore de script,,12 novembre 2025,,,
Titre concurrent 5 : De débutant à 20 000 € par mois : ma méthode pour la pose de pare‑brise,,Titré mais pas encore de script,,13 novembre 2025,,,
SEO 5 : Changer De Vie À 50 Ans : rentable rapidement en 30 jours,Changer De Vie À 50 Ans : sans investissement initial en 60 jours; Changer De Vie À 50 Ans : en partant de zéro en 90 jours; Changer De Vie À 50 Ans : en moins de 30 jours en 1 mois; Changer De Vie À 50 Ans : avec un minimum d'efforts en 2 mois,Titré mais pas encore de script,,13 novembre 2025,590,facile,changer de vie à 50 ans
Passion 2 : L’après pare brise mes conseils,,Titré mais pas encore de script,,13 novembre 2025,,,
Passion 1 : Ma vision de la liberté et de l’indépendance,,Titré mais pas encore de script,,13 novembre 2025,,,
Titre concurrent 10 : 500 € en 3 heures : challenge pose de pare‑brise à domicile,,Titré mais pas encore de script,,20 novembre 2025,,,
SEO 10 : Quelle reconversion professionnelle pour gagnez 12 000€/mois en 30 jours !,"Quelle reconversion professionnelle : comment réussir en 60 jours sans capital ?
Quelle reconversion professionnelle : lancez-vous et doublez vos revenus en 90 jours
Quelle reconversion professionnelle : la méthode pour atteindre la liberté financière en 3 mois
Quelle reconversion professionnelle : secrets pour générer un revenu passif en 6 mois",Titré mais pas encore de script,,20 novembre 2025,320,facile,quelle reconversion professionnelle
passions 4 : Les 3 pays qui ont changé ma vision de la vie,"Les 3 pays qui ont changé ma vision de la vie
Voyager quand on entreprend : comment je trouve l’équilibre entre travail et liberté",Titré mais pas encore de script,,20 novembre 2025,,,
Mon parcours 5 :  Mon premier pare brise en tant que salarié [ série ] et le jour ou j’ai faillit tout arreter,,Titré mais pas encore de script,,15 novembre 2025,,,
Titre concurrent 6 : Combien peut‑on gagner en posant des pare‑brise à domicile ?,,Titré mais pas encore de script,,17 novembre 2025,,,
SEO 9 : Quel métier pour reconversion professionnelle qui génère 10 000€/mois en 30 jours !,"Quel métier pour reconversion professionnelle : comment réussir en 60 jours sans capital ?
Quel métier pour reconversion professionnelle : lancez-vous et doublez vos revenus en 90 jours
Quel métier pour reconversion professionnelle : la méthode pour atteindre la liberté financière en 3 mois
Quel métier pour reconversion professionnelle : secrets pour générer un revenu passif en 6 mois",Titré mais pas encore de script,,16 novembre 2025,170,facile,quel métier pour reconversion professionnelle
SEO 8 : Comment investir son argent et gagnez 15 000€/mois en 30 jours !,"Comment investir son argent : comment réussir en 60 jours sans capital ?
Comment investir son argent : lancez-vous et doublez vos revenus en 90 jours
Comment investir son argent : la méthode pour atteindre la liberté financière en 3 mois—-Comment investir son argent : secrets pour générer un revenu passif en 6 mois",Titré mais pas encore de script,,16 novembre 2025,2900,facile,comment investir son argent
SEO 7 : Reconversion professionnelle adulte : gagnez 7 000€/mois en 90 jours !,"Reconversion professionnelle adulte : comment réussir en 60 jours sans capital ?
Reconversion professionnelle adulte : lancez-vous et doublez vos revenus en 90 jours
Reconversion professionnelle adulte : la méthode pour atteindre la liberté financière en 3 mois——Reconversion professionnelle adulte : secrets pour générer un revenu passif en 6 mois",Titré mais pas encore de script,,16 novembre 2025,2900,facile,reconversion professionnelle adulte
SEO 6 : Formation Carrosserie : génère 500€/jour avec cette spécialisation,Formation Carrosserie : rentable rapidement en 30 jours; Formation Carrosserie : sans investissement initial en 60 jours; Formation Carrosserie : en partant de zéro en 90 jours; Formation Carrosserie : en moins de 30 jours en 1 mois; Formation Carrosserie : avec un minimum d'efforts en 2 mois,Titré mais pas encore de script,,16 novembre 2025,1000,facile,formation carrosserie
"Tuto/Valeur 5 : Quel Budgets [ Economie et Confort ] pour se lancer dans le business de la pose de pare brise ",,Titré mais pas encore de script,,15 novembre 2025,,,
Challenge 2 :  “Pose ton objectif” →meilleur objectif gagnant coaching privé et accés formation prix réduit,,Titré mais pas encore de script,,15 novembre 2025,,,
Challenge 1 : Si tu devais te lancer quel serait ton choix : Polyvalent ou uniquement marketing sous traitance ( j’envoi des clients ) répond en commentaire inscris toi j’offre l’accés à prix réduit à un seul membre inscris,,Titré mais pas encore de script,,15 novembre 2025,,,
Tuto/Valeur 8 : Top 5 vérifications avant de commander un pare brise,,Titré mais pas encore de script,,18 novembre 2025,,,
Tuto/Valeur 7 : Comment trouver des clients dès le premier mois pour mon activité / business de pose pare brise ?,,Titré mais pas encore de script,,18 novembre 2025,,,
Tuto/Valeur 6 : Pourquoi la pose de pare brise cartonne en France et ailleurs ?,,Titré mais pas encore de script,,18 novembre 2025,,,
"SEO 14 : reconversion professionnelle comment faire sans diplôme : Lance ton business et gagne 500€/jour des le mois suivant ",Reconversion Professionnelle Comment Faire Sans Diplôme : rentable rapidement en 30 jours; Reconversion Professionnelle Comment Faire Sans Diplôme : sans investissement initial en 60 jours; Reconversion Professionnelle Comment Faire Sans Diplôme : en partant de zéro en 90 jours; Reconversion Professionnelle Comment Faire Sans Diplôme : en moins de 30 jours en 1 mois; Reconversion Professionnelle Comment Faire Sans Diplôme : avec un minimum d'efforts en 2 mois,Titré mais pas encore de script,,23 novembre 2025,720,facile,reconversion professionnelle comment faire sans diplôme
Mon parcours 9 : Mon premier pare brise à mon compte [ série ],,Titré mais pas encore de script,,19 novembre 2025,,,
Mon parcours 8 :  Mes défis et problème entre l’idée du projet et le lancement [ série ],,Titré mais pas encore de script,,19 novembre 2025,,,
Mon parcours 7 : Comment et pourquoi j’ai décidé de me lancer à mon compte  [ série ],,Titré mais pas encore de script,,19 novembre 2025,,,
Passion 3 : Voyage :  Pourquoi voyager m’a appris des leçons qu’aucune école ne m’a données,"🌍 Voyage — liberté, inspiration, découverte
1. Pourquoi voyager m’a appris des leçons qu’aucune école ne m’a données
2. Partir seul pour mieux se connaître : ce que le voyage m’a réellement apporté",Titré mais pas encore de script,,20 novembre 2025,,,
Challenge 3 : Je répond à toutes vos questions en vidéo !,,Titré mais pas encore de script,,22 novembre 2025,,,
"Challenge 4 : Tirage au sort : Laisser un commentaire pour gagner -50% sur la formation ",,Titré mais pas encore de script,,22 novembre 2025,,,
Tuto/Valeur 10 : Trois grandes erreurs qui font perdre beaucoup d’argent et de temps dans l’activité / business de la pose pare brise,,Titré mais pas encore de script,,22 novembre 2025,,,
Mon parcours 10 : Enchainement des pare brises de notre entourage  [ série ],,Titré mais pas encore de script,,22 novembre 2025,,,
Mon parcours 6 : Nos premières erreurs dans le pare brise [ série ],,Titré mais pas encore de script,,19 novembre 2025,,,
Titre concurrent 11 : Comment lancer son activité de pose de pare‑brise à domicile sans expérience,,Titré mais pas encore de script,,24 novembre 2025,,,
Titre concurrent 12 : Guide complet pour débuter la pose de pare‑brise en 2026,,Titré mais pas encore de script,,24 novembre 2025,,,
SEO 11 : Reconversion Professionnelle Comment Faire Après 40 Ans : Gagnez 7 000€ rapidement en 30 jours,"Reconversion Professionnelle Comment Faire Après 40 Ans : rentable rapidement en 30 jours; 
Reconversion Professionnelle Comment Faire Après 40 Ans : sans investissement initial en 60 jours; 
Reconversion Professionnelle Comment Faire Après 40 Ans : en partant de zéro en 90 jours; 
Reconversion Professionnelle Comment Faire Après 40 Ans : en moins de 30 jours en 1 mois; 
Reconversion Professionnelle Comment Faire Après 40 Ans : avec un minimum d'efforts en 2 mois",Titré mais pas encore de script,,23 novembre 2025,320,facile,reconversion professionnelle comment faire après 40 ans
SEO 12 : Demission Pour Reconversion Pro : Je gagne aujourd’hui + 500€/jour,"Demission Pour Reconversion Pro : rentable rapidement en 30 jours; 
Demission Pour Reconversion Pro : sans investissement initial en 60 jours; 
Demission Pour Reconversion Pro : en partant de zéro en 90 jours; 
Demission Pour Reconversion Pro : en moins de 30 jours en 1 mois; 
Demission Pour Reconversion Pro : avec un minimum d'efforts en 2 mois",Titré mais pas encore de script,,23 novembre 2025,1300,facile,demission pour reconversion pro
SEO 13 : changer de vie : 500€/jour en 90 jours — ce qu’il faut vraiment faire,Changer De Vie : rentable rapidement en 30 jours; Changer De Vie : sans investissement initial en 60 jours; Changer De Vie : en partant de zéro en 90 jours; Changer De Vie : en moins de 30 jours en 1 mois; Changer De Vie : avec un minimum d'efforts en 2 mois,Titré mais pas encore de script,,23 novembre 2025,1900,facile,Changer De Vie
Titre concurrent 13 : Tout ce qu’il faut savoir pour devenir poseur de pare‑brise à domicile,,Titré mais pas encore de script,,24 novembre 2025,,,
Titre concurrent 14 : Devenir auto‑entrepreneur dans la pose de pare‑brise,,Titré mais pas encore de script,,24 novembre 2025,,,
"Tuto/Valeur 11 : Comment négocier avec les fournisseurs dans le domaine du pare brise : vitrage, logiciel, outillage et consommable ? Arrêter de vous faire avoir",,Titré mais pas encore de script,,25 novembre 2025,,,
"Tuto/Valeur 12 : Combien bien faire ses factures et chiffrer ses pare brises et ses prestations et ne plus se faire avoir ? ",,Titré mais pas encore de script,,25 novembre 2025,,,
Tuto/Valeur 13 : Pourquoi le business de la pose pare brise est sous côté et bien caché ?,,Titré mais pas encore de script,,25 novembre 2025,,,
Tuto/Valeur 14 : Comment enlever les vignettes autoroutes et l’éco vignette crit’air et le porte badge ?,,Titré mais pas encore de script,,25 novembre 2025,,,
SEO 1 :  Devenir Rentier : en moins de 30 jours,Devenir Rentier : rentable rapidement en 30 jours; Devenir Rentier : sans investissement initial en 60 jours; Devenir Rentier : en partant de zéro en 90 jours; Devenir Rentier : en 1 mois; Devenir Rentier : avec un minimum d'efforts en 2 mois,Titré mais pas encore de script,,9 novembre 2025,6600,facile,Devenir rentier
"SEO 2 :  Changer De Vie Travail : rentable rapidement en 30 jours; ",Changer De Vie Travail : sans investissement initial en 60 jours; Changer De Vie Travail : en partant de zéro en 90 jours; Changer De Vie Travail : en moins de 30 jours en 1 mois;  Changer De Vie Travail : avec un minimum d'efforts en 2 mois,Titré mais pas encore de script,,9 novembre 2025,720,facile,Changer de vie travail
SEO 3 : Comment gagner de l'argent sur internet : la méthode pour atteindre la liberté financière en 3 mois,"Comment gagner de l'argent sur internet : gagnez 5 000€/mois en 30 jours !
Comment gagner de l'argent sur internet : comment réussir en 60 jours sans capital ?
Comment gagner de l'argent sur internet : lancez-vous et doublez vos revenus en 90 jours——-Comment gagner de l'argent sur internet : secrets pour générer un revenu passif en 6 mois",Titré mais pas encore de script,,9 novembre 2025,5400,difficile,gagner de l'argent sur internet
"SEO 4 : Formation Carrosserie Adulte : Gagnez 10.000€ par mois; ",Formation Carrosserie Adulte : rentable rapidement en 30 jours; Formation Carrosserie Adulte : sans investissement initial en 60 jours; Formation Carrosserie Adulte : en partant de zéro en 90 jours; Formation Carrosserie Adulte : en moins de 30 jours en 1 mois; Formation Carrosserie Adulte : avec un minimum d'efforts en 2 mois,Titré mais pas encore de script,,9 novembre 2025,500,facile,formation carrosserie adulte
Concurrent 1 : Gagner 500 € en 2 heures en posant des pare‑brise à domicile,,Titré mais pas encore de script,,10 novembre 2025,,,
Titre concurrent 2 : Comment faire 500 € à 1000€ par jour avec la pose de pare‑brise,,Titré mais pas encore de script,,10 novembre 2025,,,
Titre concurrent 3 : De 0 à 5 000 € par semaine en remplaçant des pare‑brise chez les clients,,Titré mais pas encore de script,,10 novembre 2025,,,
Titre concurrent 4 : 5 étapes pour lancer un business de pose de pare‑brise à domicile en 2025,,Titré mais pas encore de script,,10 novembre 2025,,,
Mon parcours 11 :  Réception des premiers chèques et bonheur et grands objectif [ série ],,Titré mais pas encore de script,,26 novembre 2025,,,
"Mon parcours 12 : Période de creux, crise et remise en question [ série ]",,Titré mais pas encore de script,,26 novembre 2025,,,
Mon parcours 13 : Nouvelle vision du business on se professionnalise [ série ],,Titré mais pas encore de script,,26 novembre 2025,,,
Mon parcours 14 : Notre période BtoB  - Les grands avantages [ série ],,Titré mais pas encore de script,,26 novembre 2025,,,
Passions 5 : L’Agriculture - les avantages et opportunités de l’agriculture - comment choisir son terrain / sa region ( puit demandé au voisin type de terre ( acidité solution) d’abbord chosir sa plante ensuite choisir son terrain,"🌱 Agriculture — retour à la terre, autonomie, nature
1. Pourquoi l’agriculture est le vrai luxe moderne
2. Ce que j’ai appris en plantant mes premières cultures
3. De la ville à la terre : ma vision d'une vie plus simple et productive
4. Comment la nature m’a appris la patience et la discipline",Titré mais pas encore de script,,27 novembre 2025,,,
Passions 6 : L’agriculture quel est ton objectif je te dirais quoi planter - ou habites tu - l’importance du marketing,"Exemple toutes les erreurs que j’ai vu a sidi moukhtar  l’empayage les boules d argile le zaytoune préfère goute à gout c’est un arbre des pays sec arroser le matin , j’ai vu un gars qui fait des tranchés pour arroser ( sans tuyaux ) perte d’eau par absorbtion de la terre - zaytoun arrosé d’en haut comme la pluie  - mon ami malik de nante en indonesie plante des poivrons maxi rendement ils aiment les piments",Titré mais pas encore de script,,27 novembre 2025,,,
SEO 15 : Travailler Après La Retraite Impôts : génère 500€/jour avec cette activité,Travailler Après La Retraite Impôts : rentable rapidement en 30 jours; Travailler Après La Retraite Impôts : sans investissement initial en 60 jours; Travailler Après La Retraite Impôts : en partant de zéro en 90 jours; Travailler Après La Retraite Impôts : en moins de 30 jours en 1 mois; Travailler Après La Retraite Impôts : avec un minimum d'efforts en 2 mois,Titré mais pas encore de script,,27 novembre 2025,320,facile,Travailler Après La Retraite Impôts ( sans “impot” le volume est à 590 mais kd % moyen )
Titre concurrent 15 : 7 conseils pour réussir sa première pose de pare‑brise chez un client,,Titré mais pas encore de script,,27 novembre 2025,,,
Challenge 5 : Devine combien je gagne sur cet pose de pare brise - celui qui met le bon prix obtiens -50% sur la formation,,Titré mais pas encore de script,,29 novembre 2025,,,
Chalenge 6 : QCM rapide - le vainqueur reçois un code promo de -50%,,Titré mais pas encore de script,,29 novembre 2025,,,
Tuto/Valeur 15 : Comment retirer le rétroviseur du pare brise pour tout type d’embase,,Titré mais pas encore de script,,29 novembre 2025,,,
Mon parcours 15 : L’équipe s’agrandit le compte bancaire ne cesse de grimper on délègue de plus en plus - mes erreurs durant cette période et mes solution d’aujourd’hui[ série ],,Titré mais pas encore de script,,29 novembre 2025,,,
SEO 16 : reconversion professionnelle pôle emploi : Un métier qui rapporte plus de 500€/jour à ton compte sans diplôme,Reconversion Professionnelle Pôle Emploi : rentable rapidement en 30 jours; Reconversion Professionnelle Pôle Emploi : sans investissement initial en 60 jours; Reconversion Professionnelle Pôle Emploi : en partant de zéro en 90 jours; Reconversion Professionnelle Pôle Emploi : en moins de 30 jours en 1 mois; Reconversion Professionnelle Pôle Emploi : avec un minimum d'efforts en 2 mois,Titré mais pas encore de script,,30 novembre 2025,880,facile,reconversion professionnelle pôle emploi
SEO 17 : démission reconversion pro : découvre un métier qui rapporte plus de 500€/jours lançable en moins de 30 jours,Demission Reconversion Pro : rentable rapidement en 30 jours; Demission Reconversion Pro : sans investissement initial en 60 jours; Demission Reconversion Pro : en partant de zéro en 90 jours; Demission Reconversion Pro : en moins de 30 jours en 1 mois; Demission Reconversion Pro : avec un minimum d'efforts en 2 mois,Titré mais pas encore de script,,30 novembre 2025,720,facile,Demission Reconversion Pro
SEO 18 : Comment gagner de l'argent sans rien faire : génère 500€/jours en déléguant après 6 mois d’activité,"Comment gagner de l'argent sans rien faire : gagnez 5 000€/mois en 30 jours !
Comment gagner de l'argent sans rien faire : comment réussir en 60 jours sans capital ?
Comment gagner de l'argent sans rien faire : lancez-vous et doublez vos revenus en 90 jours
Comment gagner de l'argent sans rien faire : la méthode pour atteindre la liberté financière en 3 mois
Comment gagner de l'argent sans rien faire : secrets pour générer un revenu passif en 6 mois",Titré mais pas encore de script,,30 novembre 2025,4400,facile,comment gagner de l'argent sans rien faire
"SEO 19 : Reconversion professionnelle formation pour gagnez 11 000€/mois en 30 jours !
","Reconversion professionnelle formation : gagnez 5 000€/mois en 30 jours !
Reconversion professionnelle formation : comment réussir en 60 jours sans capital ?
Reconversion professionnelle formation : lancez-vous et doublez vos revenus en 90 jours
Reconversion professionnelle formation : la méthode pour atteindre la liberté financière en 3 mois
Reconversion professionnelle formation : secrets pour générer un revenu passif en 6 mois",Titré mais pas encore de script,,30 novembre 2025,2400,facile,Reconversion professionnelle formation
Tuto/Valeur 16 : Comment retirer les plastiques et caches du rétroviseurs sans les abimer ?,,Titré mais pas encore de script,,2 décembre 2025,,,
Titre concurrent 16 : Formation pose de pare‑brise à domicile : par où commencer ?de Script,,Titré mais pas encore de script,,1 décembre 2025,,,
Tuto/Valeur 17 : Comment enlever un pare brise qui a un camera sans devoir la recalibrer ?,,Titré mais pas encore de script,,2 décembre 2025,,,
Titre concurrent 17 : Les compétences indispensables pour poser un pare‑brise en toute sécurité,,Titré mais pas encore de script,,1 décembre 2025,,,
Titre concurrent 18 : Quels diplômes pour exercer la pose de pare‑brise à domicile ?de Script,,Titré mais pas encore de script,,1 décembre 2025,,,
Titre concurrent 19 : Pose de pare‑brise pour débutant : erreurs à éviter,,Titré mais pas encore de script,,1 décembre 2025,,,
Tuto/Valeur 18 : Les 5 pare brises à ne jamais faire [ Danger ],,Titré mais pas encore de script,,2 décembre 2025,,,
"Tuto/Valeur 19 : Quel pare-brise est le plus rentable et le plus simple à remplacer ? Citadine, utilitaire ou camion ?",,Titré mais pas encore de script,,2 décembre 2025,,,
Mon parcours 16 : Anecdote avec les deux premiers techniciens qu’on a eu - les leçons à en tirer [ série ],,Titré mais pas encore de script,,3 décembre 2025,,,
"Mon parcours 17 : Anecdote des alternants qu’on a eu ( perte vignette, en retard, arrêt maladie, ne travail pas aux horaires ) leçon à en tirer et solutions [ série ]",,Titré mais pas encore de script,,3 décembre 2025,,,
Mon parcours 18 : Le grand départ - mon avion part sans moi [ série ],,Titré mais pas encore de script,,3 décembre 2025,,,
Mon parcours 19 : Je refais mon passeport et retente ma chance la boule au ventre + gestion à distance [ série ],,Titré mais pas encore de script,,3 décembre 2025,,,
Passion 7 : l’élevage d’autruche pourquoi attraction tourisme peau cuire plume œuf course œil greffe urine,j’ai entendu aussi parler de l’élevage de dajaj rendement rapide : 14 jours ( demandé à chatgpt) et revente aux abbatoir et grossiste ( region beaucoup de poulet ),Titré mais pas encore de script,,4 décembre 2025,,,
Passion 8 : La biologie la recherche et les découvertes ( l’animal et le végétale ),"Pourquoi comprendre le vivant change notre façon de vivre 
Le corps humain est une machine parfaite : voici ce qui m’a toujours fasciné
 Ce que la biologie m’a appris sur la santé, la discipline et l’énergie3 phénomènes biologiques incroyables que tout le monde devrait connaître",Titré mais pas encore de script,,4 décembre 2025,,,
SEO 20 : rentier définition : automatise un business à 12 000€/mois en moins de 6 mois,Rentier Définition : rentable rapidement en 30 jours; Rentier Définition : sans investissement initial en 60 jours; Rentier Définition : en partant de zéro en 90 jours; Rentier Définition : en moins de 30 jours en 1 mois; Rentier Définition : avec un minimum d'efforts en 2 mois,Titré mais pas encore de script,,4 décembre 2025,720,facile,"Rentier Définition "
Titre concurrent 20 : Se lancer en 2026 : business plan pour un service de remplacement de pare‑brise,,Titré mais pas encore de script,,4 décembre 2025,,,
challenge 7 : “Donne-moi ta ville en commentaire” et je te donne la meilleure stratégie pour ton secteur,,Titré mais pas encore de script,,6 décembre 2025,,,
Challenge 8 : Commenter ton objectif financier (ex: X€/jour) et je te donne le business plan à suivre,,Titré mais pas encore de script,,6 décembre 2025,,,
Tuto/Valeur 20 : Pourquoi je ne fais plus les vitres latérales et custode,,Titré mais pas encore de script,,6 décembre 2025,,,
Mon parcours 20 : 1 mois plus tard mon associé me rejoins et on décide sur un coup de tête de partir dans un autre pays [ série ],,Titré mais pas encore de script,,6 décembre 2025,,,
SEO 21 : préavis démission pour reconversion professionnelle pour gagner 500€/jour,Préavis Démission Pour Reconversion Professionnelle : rentable rapidement en 30 jours; Préavis Démission Pour Reconversion Professionnelle : sans investissement initial en 60 jours; Préavis Démission Pour Reconversion Professionnelle : en partant de zéro en 90 jours; Préavis Démission Pour Reconversion Professionnelle : en moins de 30 jours en 1 mois; Préavis Démission Pour Reconversion Professionnelle : avec un minimum d'efforts en 2 mois,Titré mais pas encore de script,,7 décembre 2025,590,facile,"Préavis Démission Pour Reconversion Professionnelle "
SEO 22 : reconversion professionnelle comment faire pole emploi : lance ton activité et génère 500€/jour en moins d’un mois,Reconversion Professionnelle Comment Faire Pole Emploi : rentable rapidement en 30 jours; Reconversion Professionnelle Comment Faire Pole Emploi : sans investissement initial en 60 jours; Reconversion Professionnelle Comment Faire Pole Emploi : en partant de zéro en 90 jours; Reconversion Professionnelle Comment Faire Pole Emploi : en moins de 30 jours en 1 mois; Reconversion Professionnelle Comment Faire Pole Emploi : avec un minimum d'efforts en 2 mois,Titré mais pas encore de script,,7 décembre 2025,320,facile,reconversion professionnelle comment faire pole emploi
SEO 23 : Demission Pour Reconversion Professionnelle : gagne 500€/jour avec ce business méconnu,Demission Pour Reconversion Professionnelle : rentable rapidement en 30 jours; Demission Pour Reconversion Professionnelle : sans investissement initial en 60 jours; Demission Pour Reconversion Professionnelle : en partant de zéro en 90 jours; Demission Pour Reconversion Professionnelle : en moins de 30 jours en 1 mois; Demission Pour Reconversion Professionnelle : avec un minimum d'efforts en 2 mois,Titré mais pas encore de script,,7 décembre 2025,880,facile,Demission Pour Reconversion Professionnelle
"SEO 24 : comment investir 50000 euros pour gagner 75 000€/mois ",Comment Investir 50000 Euros : rentable rapidement en 30 jours; Comment Investir 50000 Euros : sans investissement initial en 60 jours; Comment Investir 50000 Euros : en partant de zéro en 90 jours; Comment Investir 50000 Euros : en moins de 30 jours en 1 mois; Comment Investir 50000 Euros : avec un minimum d'efforts en 2 mois,Titré mais pas encore de script,,7 décembre 2025,720,facile,comment investir 50000 euros
Titre concurrent 21 : Pose de pare‑brise à domicile : comment transporter son matériel ?,,Titré mais pas encore de script,,8 décembre 2025,,,
Titre concurrent 22 : Réparer ou remplacer ? Quand utiliser une résine et quand changer le pare‑brise,,Titré mais pas encore de script,,8 décembre 2025,,,
"Titre concurrent 23 : Si mon client n’est pas assuré bris de glace que faire ? ",,Titré mais pas encore de script,,8 décembre 2025,,,
Titre concurrent 24 : Quand avancer les frais de remplacement de pare brise à la place du client ?,,Titré mais pas encore de script,,8 décembre 2025,,,
Tuto/Valeur 21 : Combien rapporte un pare brise panoramique ? Et lesquels je dois éviter ?,,Titré mais pas encore de script,,9 décembre 2025,,,
"Tuto/Valeur 22 : Comment changer un pare brise panoramique ? ",,Titré mais pas encore de script,,9 décembre 2025,,,
Tuto/Valeur 23 : Combien rapporte un pare brise panoramique ? Et lesquels je dois éviter ?,,Titré mais pas encore de script,,9 décembre 2025,,,
Tuto/Valeur 24 : Comment éviter les fuites après la pose de pare brise et comment colmater une fuite ?,,Titré mais pas encore de script,,9 décembre 2025,,,
Mon parcours 21 : Le voyage en Indonésie pendant que les techniciens travail pour nous  [ série ],,Titré mais pas encore de script,,10 décembre 2025,,,
Mon parcours 22 : Gros coup dure les techniciens ne travaillent plus correctement la société coule [ série ],,Titré mais pas encore de script,,10 décembre 2025,,,
Mon parcours 23 : Après 2 ans de voyage retour forcé en France la société est au plus mal à cause des techniciens [ série ],,Titré mais pas encore de script,,10 décembre 2025,,,
Mon parcours 24 : On fait le point vente de la société on dépose le camion a un prestataire mais on se concentre sur un autre projet voyage en espagne pendant 2 jours à chercher des fournisseurs [ série ],,Titré mais pas encore de script,,10 décembre 2025,,,
"Passion 9 : La recherche, les expérimentation les découvertes la passion des gens d’avant - le problème avec notre époque  ",,Titré mais pas encore de script,,11 décembre 2025,,,
"Passion 10 : Médecine naturelle & plantes — guérison, sagesse - L’escroquerie de big pharma - quand l’argent se mèle a la santé - la santé en chine medecin n’est payé que pour la prevention quand le patient tombe malade il n’est pas payé et doit le guerrir - la guerre des vaccins ",,,,11 décembre 2025,,,
SEO 25 : lettre de démission sans préavis motif légitime et lance ton business à 500€/jour en moins de 45 jours,Lettre De Démission Sans Préavis Motif Légitime : rentable rapidement en 30 jours; Lettre De Démission Sans Préavis Motif Légitime : sans investissement initial en 60 jours; Lettre De Démission Sans Préavis Motif Légitime : en partant de zéro en 90 jours; Lettre De Démission Sans Préavis Motif Légitime : en moins de 30 jours en 1 mois; Lettre De Démission Sans Préavis Motif Légitime : avec un minimum d'efforts en 2 mois,Titré mais pas encore de script,,11 décembre 2025,880,facile,Lettre De Démission Sans Préavis Motif Légitime
Titre concurrent 25 : Trouver des clients pour votre service de pose de pare‑brise en 7 jours,,Titré mais pas encore de script,,11 décembre 2025,,,
Chalenge 9 : Commente ton plus gros blocage pour te lancer (  je te répond en vidéo ),,Titré mais pas encore de script,,13 décembre 2025,,,
"Challenge 10 : Dis moi quel est ta situation actuel ( CDI, reconversion, retraite, expatrié… ) et je t’envoi en privé une vidéo spécifique du plan à suivre",,Titré mais pas encore de script,,13 décembre 2025,,,
Tuto/Valeur 25 : Combien de temps cela prends pour changer un pare brise ?  Plusieurs types de véhicule,,Titré mais pas encore de script,,13 décembre 2025,,,
Mon parcours 25 : Rebelotte le faux prestataire fait des manières - leçon d’une vie si tu veux déléguer trouver un système ou tu ne dépend pas d’un travailleur et crée de la concurrence [ série ] solution radical idée de génie,,Titré mais pas encore de script,,13 décembre 2025,,,
"SEO 26 : lettre de démission sans préavis exemple : génère 500€/jour en moins de 30 jours ",Lettre De Démission Sans Préavis Exemple : rentable rapidement en 30 jours; Lettre De Démission Sans Préavis Exemple : sans investissement initial en 60 jours; Lettre De Démission Sans Préavis Exemple : en partant de zéro en 90 jours; Lettre De Démission Sans Préavis Exemple : en moins de 30 jours en 1 mois; Lettre De Démission Sans Préavis Exemple : avec un minimum d'efforts en 2 mois,Titré mais pas encore de script,,14 décembre 2025,720,facile,Lettre De Démission Sans Préavis Exemple
SEO 27 : Demission Formation Reconversion : lance ton business et gagne 500€/jour en moins de 45 jours,Demission Formation Reconversion : rentable rapidement en 30 jours; Demission Formation Reconversion : sans investissement initial en 60 jours; Demission Formation Reconversion : en partant de zéro en 90 jours; Demission Formation Reconversion : en moins de 30 jours en 1 mois; Demission Formation Reconversion : avec un minimum d'efforts en 2 mois,Titré mais pas encore de script,,14 décembre 2025,590,facile,Demission Formation Reconversion
SEO 28 : Comment faire pour une reconversion professionnelle : lance ton activité et gagne 500€/jour en moins de 45 jours,"Comment faire pour une reconversion professionnelle : gagnez 5 000€/mois en 30 jours !
Comment faire pour une reconversion professionnelle : comment réussir en 60 jours sans capital ?
Comment faire pour une reconversion professionnelle : lancez-vous et doublez vos revenus en 90 jours
Comment faire pour une reconversion professionnelle : la méthode pour atteindre la liberté financière en 3 mois
Comment faire pour une reconversion professionnelle : secrets pour générer un revenu passif en 6 mois",Titré mais pas encore de script,,14 décembre 2025,480,Moyen,Comment faire pour une reconversion professionnelle
SEO 29 : entreprenariat ou entrepreneuriat : gagne 500€/jour en lançant ton activité en moins de 45 jours,"Entreprenariat ou entrepreneuriat : gagnez 5 000€/mois en 30 jours !
Entreprenariat ou entrepreneuriat : comment réussir en 60 jours sans capital ?
Entreprenariat ou entrepreneuriat : lancez-vous et doublez vos revenus en 90 jours
Entreprenariat ou entrepreneuriat : la méthode pour atteindre la liberté financière en 3 mois
Entreprenariat ou entrepreneuriat : secrets pour générer un revenu passif en 6 mois",Titré mais pas encore de script,,14 décembre 2025,1300,Moyen,Entreprenariat ou entrepreneuriat
"Titre concurrent 26 : Les 5 types de pare brises : acoustique, athermique …",,Titré mais pas encore de script,,15 décembre 2025,,,
Titre concurrent 27 : Comment trouver 100 clients par mois ( Mode Ultra déterminé ) = 50 000€ bénéfice net,,Titré mais pas encore de script,,15 décembre 2025,,,
Titre concurrent 28 : Dois je me concentrer sur les pare brises des particuliers ou des professionnels ?,,Titré mais pas encore de script,,15 décembre 2025,,,
Titre concurrent 29 : Comment poser un pare‑brise dehors par mauvais temps ?,,Titré mais pas encore de script,,15 décembre 2025,,,
Tuto/Valeur 26 : Les trois types de colle pare brise  - Mise en garde,,Titré mais pas encore de script,,16 décembre 2025,,,
Tuto/Valeur 27 : Les 4 techniques pour décoller un pare brise,,Titré mais pas encore de script,,16 décembre 2025,,,
Tuto/Valeur 28 : Ouvrir son deuxième centre c’est possible au bout de combien de temps ?,,Titré mais pas encore de script,,16 décembre 2025,,,
Tuto/Valeur 29 : Comment automatiser son business au maximum et s’expatrier ?,,Titré mais pas encore de script,,16 décembre 2025,,,
Passions 11 : mon expérience avec la médecine chinoise - bon et mauvais point - attention il y a du bon et des khourafats poudre dragon os de je ne sais quoi,,Titré mais pas encore de script,,18 décembre 2025,,,
"Passion 12 : Les plantes médicinales et produit naturel miel huile hijama, massage le bien être du corps avec l’esprit etc.. le chagrin la tristesse et autres emmotion peuvent faire perdre la vue et la mort  ",,Titré mais pas encore de script,,18 décembre 2025,,,
SEO 30 : Comment Devenir Riche Film : gagne 500€/jour en lançant ce business en moins de 45 jours,rentable rapidement en 30 jours; Comment Devenir Riche Film : sans investissement initial en 60 jours; Comment Devenir Riche Film : en partant de zéro en 90 jours; Comment Devenir Riche Film : en moins de 30 jours en 1 mois; Comment Devenir Riche Film : avec un minimum d'efforts en 2 mois,Titré mais pas encore de script,,18 décembre 2025,5400,Moyen,rentable rapidement en 30 jours
Titre concurrent 30 : Dois je collaborer avec les compagnies d’assurance pour trouver des clients ( mes techniques secrètes ),,Titré mais pas encore de script,,18 décembre 2025,,,
Mon parcours 26 : Comment fonctionne le SAS pour trouver des clients Step by Step [ série ],,Titré mais pas encore de script,,17 décembre 2025,,,
Mon parcours 27 : On reprend les voyage direction la chine ( avant ca je passe par trois pays ;) ) [ série ],,Titré mais pas encore de script,,17 décembre 2025,,,
Mon parcours 28 : La chine un autre monde - On investis ailleurs / l’après pare brise [ série ],,Titré mais pas encore de script,,17 décembre 2025,,,
Mon parcours 29 : Formation Chine + Marketing digital [ série ],,,,17 décembre 2025,,,
Challenge 11 : Si tu devais te lancer est ce que se serait à domicile ou en centre ? donne moi tes arguments,,Titré mais pas encore de script,,20 décembre 2025,,,
Challenge 12 : Tirage au sort j’offre l’accès gratuit à une seul et unique personne à 3 conditions ( tirage au sort ),,Titré mais pas encore de script,,20 décembre 2025,,,
Tuto/Valeur 30 : Au bout de combien de temps je pourrai automatiser mon business de Pose Pare Brise ?,,Titré mais pas encore de script,,20 décembre 2025,,,
Mon parcours 30 : Après la chine mes problème se règle je retourne dans mon premier pays d’expatriation - la belle vie [ série ] ( faire serie de video au maroc ) mes nouveaux projets immobilier,,Titré mais pas encore de script,,20 décembre 2025,,,
"Titre concurrent 31 : L’importance primordial du marketing sous toutes ses formes pour exploser mes profits ",,Titré mais pas encore de script,,18 décembre 2025,,,