Keyword,Intent,Volume,Keyword Difficulty,CPC (EUR),SERP Features
investissement immobilier,Informational,8100,25,1.58,"Sitelinks, Video, Video carousel, People also ask, Related searches, Ads bottom, Ads middle"
avis sur orpi invest immo,"Informational, Commercial",3600,17,0.00,"Sitelinks, Related searches"
capital investment plan,"Informational, Commercial",3600,28,0.83,"Sitelinks, Image pack, Video, People also ask, Related searches, See results about"
chartered investment manager,Informational,3600,25,0.00,"Sitelinks, Video, People also ask, Related searches"
investir dans l'immobilier,Informational,3600,22,0.00,"Sitelinks, Video, People also ask, Related searches, Ads top, Ads middle"
maximum investment plan,"Informational, Commercial",3600,12,0.00,"People also ask, Related searches"
national investment corporation,Navigational,3600,23,0.82,"Sitelinks, Image, Video, People also ask, Knowledge panel, Related searches"
special investment region,Informational,3600,22,0.00,"Sitelinks, Video, People also ask, Knowledge panel, Related searches"
alternative investments club,Informational,2900,15,0.00,"Featured snippet, Sitelinks, Image pack, Video, Related searches"
applied investment management,Navigational,2900,26,0.53,"Sitelinks, Video, People also ask, Related searches"
china minsheng investment,Navigational,2900,25,0.00,"Sitelinks, People also ask, Related searches"
comment investir son argent,Informational,2900,22,2.38,"Sitelinks, Video, Video carousel, People also ask, Related searches, Ads top, Ads bottom, Ads middle"
investir dans une scpi,Informational,2900,22,2.49,"Sitelinks, Image pack, Video, People also ask, Related searches, Ads bottom"
investir scpi,Informational,2900,26,2.49,"Sitelinks, Video, Video carousel, People also ask, Knowledge panel, Related searches, Ads bottom"
investir son argent 6 erreurs à éviter,Informational,2900,25,1.16,"Featured snippet, Video, Video carousel, People also ask, Related searches, Ads bottom, Ads middle"
investir son argent : 6 erreurs à éviter,Informational,2900,23,0.00,"Featured snippet, Sitelinks, Video, People also ask, Related searches, Ads bottom"
investment planning counsel,Navigational,2900,21,0.00,"Sitelinks, People also ask, Related searches, See results about"
investment priorities plan,"Informational, Commercial",2900,17,0.00,"People also ask, Related searches, See results about"
managed investment trust,Informational,2900,14,0.96,"Sitelinks, Video, People also ask, See results about"
mission investment fund,Navigational,2900,22,0.29,"Sitelinks, Video, People also ask, Knowledge panel"
structured investment vehicles,Informational,2900,27,0.32,"Sitelinks, Video, People also ask, Knowledge panel, Related searches"
global investment solutions,Informational,2400,27,1.27,"People also ask, Knowledge panel, Related searches"
guaranteed investment fund,"Informational, Commercial",2400,19,0.17,"Video, Video carousel, People also ask, Related searches"
invest invest invest,"Informational, Commercial",2400,29,1.75,"Sitelinks, Video, People also ask, Related searches, Ads bottom"
investir dans les etf,Informational,2400,20,1.76,"Sitelinks, Video, Video carousel, People also ask, Related searches, Ads top, Ads bottom, Ads middle"
investir etf,"Informational, Transactional",2400,27,1.58,"Image pack, Video, Video carousel, People also ask, Top stories, Related searches, Ads bottom"
investment portfolio service,"Informational, Commercial",2400,21,4.92,"Sitelinks, People also ask, Related searches"
investment promotion agency,"Informational, Commercial",2400,27,0.03,"Sitelinks, Video, Video carousel, People also ask, Related searches"
portfolio investment entity,Informational,2400,28,1.84,"Sitelinks, Video, People also ask, Knowledge panel, Related searches"
foreign invested enterprise,"Informational, Commercial",1900,20,12.42,"Sitelinks, People also ask"
forest investment associates,Navigational,1900,25,0.00,"Sitelinks, Video, People also ask, Knowledge panel, Related searches"
investir dans l immobilier,Informational,1900,18,1.84,"Sitelinks, Video, People also ask, Related searches"
investir son argent,Informational,1900,29,2.41,"Sitelinks, Video, Video carousel, People also ask, Related searches, Ads bottom, Ads middle"
loca investissement,Informational,1900,21,1.44,"Video, People also ask, Knowledge panel"
multilateral agreement on investment,Informational,1900,24,0.00,"Sitelinks, Video, People also ask, Knowledge panel, Related searches"
ofi invest,Navigational,1900,21,0.00,"Sitelinks, Video, People also ask, Knowledge panel, Related searches, See results about"
regulated investment companies,"Informational, Commercial",1900,29,0.00,"Sitelinks, People also ask, Related searches"
what is bhookdizz investment,"Informational, Commercial",1900,16,0.00,
comment investir bourse,Informational,1600,29,2.29,"Sitelinks, Video, Video carousel, People also ask, Related searches, Ads bottom, Ads middle"
conjugaison investir,"Informational, Commercial",1600,24,0.01,"Video, People also ask, Related searches"
dans quoi investir,Informational,1600,26,1.53,"Sitelinks, Video, Video carousel, People also ask, Related searches"
eiffel investment group,Navigational,1600,21,0.00,"Sitelinks, Image, Image pack, Video, People also ask, Knowledge panel, Related searches"
emirates advanced investments,Informational,1600,24,5.43,"Image, People also ask, Knowledge panel, Related searches"
foreign investment fund,Informational,1600,22,0.00,"Sitelinks, Video, People also ask, Related searches"
investir en etf,"Informational, Transactional",1600,20,1.76,"Sitelinks, Video, Video carousel, People also ask, Related searches"
investment performance services,Navigational,1600,27,3.03,"Sitelinks, Related searches"
natixis investment managers,Navigational,1600,26,0.00,"Sitelinks, Video, People also ask, Knowledge panel, Related searches"
oman investment fund,"Informational, Commercial",1600,23,0.00,"Sitelinks, Video, People also ask, Related searches, See results about"
petit investissement qui rapporte,Informational,1600,20,1.66,"Sitelinks, Video, Video carousel, People also ask, Related searches, Ads top, Ads bottom, Ads middle"
program-related investment,"Informational, Commercial",1600,21,0.00,"Video, People also ask, Related searches"
ui investissement,Navigational,1600,23,0.00,"Sitelinks, Image pack, Video, People also ask, Knowledge panel, Related searches"
avis sur orpi invest immo prise paris,"Informational, Commercial",1300,25,0.00,"Image pack, Related searches"
capital investissement,Informational,1300,25,1.49,"Featured snippet, Sitelinks, Video, Video carousel, People also ask, Knowledge panel, Top stories, Related searches"
carmignac investissement,"Informational, Commercial",1300,25,1.36,"Sitelinks, Video, People also ask, Related searches"
comment investir,Informational,1300,24,2.10,"Featured snippet, Sitelinks, Video, Video carousel, People also ask, Related searches, Ads bottom, Ads middle"
entrepreneur invest,Navigational,1300,20,1.85,"Sitelinks, Video, People also ask, Knowledge panel, Related searches"
il est investi,"Informational, Commercial",1300,29,0.00,"Video, People also ask, Related searches"
investi d'une grande mission,Informational,1300,28,0.00,"Sitelinks, People also ask"
investir en lmnp,Informational,1300,29,0.90,"Sitelinks, Video, Video carousel, People also ask, Knowledge panel, Related searches, Ads bottom, Ads middle"
investissement locatif sans apport,"Informational, Commercial",1300,26,1.12,"Sitelinks, Video, Video carousel, People also ask, Related searches, Ads bottom, Ads middle"
investment collection,"Informational, Commercial",1300,29,0.00,"Video, People also ask, Related searches"
ou investir son argent,Informational,1300,26,1.98,"Sitelinks, Image pack, Video, People also ask, Related searches, Ads top, Ads bottom, Ads middle"
peugeot invest bourse,Informational,1300,24,0.00,"Sitelinks, Instant answer, People also ask, Knowledge panel, Related searches"
program related investment,"Informational, Commercial",1300,21,0.00,"Video, People also ask, Related searches"
société nationale d'investissement,Informational,1300,28,0.00,"Featured snippet, Sitelinks, Image pack, Video, People also ask, Related searches, See results about"
specified investment products,"Informational, Commercial",1300,22,1.03,"People also ask, Related searches"
terminal investment limited,Navigational,1300,29,0.00,"Sitelinks, Image, Video, People also ask, Knowledge panel, Related searches"
a story about investing with the girl at the workplace,"Informational, Transactional",1000,17,0.00,"Sitelinks, Video"
challenger investissement,Informational,1000,24,0.00,"Image, Video, People also ask, Knowledge panel"
collective investment trust,"Informational, Commercial",1000,26,0.00,"Sitelinks, Video, People also ask, Related searches, See results about"
comment investir dans l'immobilier,Informational,1000,29,0.00,"Featured snippet, Video, Video carousel, People also ask, Related searches, Ads bottom, Ads middle"
investir dans ehpad,Informational,1000,18,1.11,"Sitelinks, Video, People also ask, Related searches, Ads bottom, Ads middle"
investir dans le vin,Informational,1000,15,0.73,"Sitelinks, Video, People also ask, Related searches"
investir dans quoi,Commercial,1000,26,1.53,"Video, Video carousel, People also ask, Related searches"
investir dans un ehpad,Informational,1000,17,1.11,"Sitelinks, Video, Video carousel, People also ask, Related searches, Ads bottom, Ads middle"
investir en ehpad,Informational,1000,21,1.61,"Video, People also ask, Discussions and forums, Related searches"
investir en immobilier,"Informational, Commercial",1000,28,1.82,"Video, Video carousel, People also ask, Related searches"
investir pour etre libre,Informational,1000,28,0.26,"Video, Video carousel, People also ask, Knowledge panel, Related searches"
investissement qui rapporte tous les mois,Informational,1000,20,1.38,"Featured snippet, Sitelinks, Video, Video carousel, People also ask, Related searches, Ads top, Ads middle"
j'ai été investi d'une grande mission,Informational,1000,25,0.00,
synonymes investissement,Informational,1000,29,0.00,"Video, People also ask, Knowledge panel, Related searches"
vivienne investissement,Navigational,1000,23,0.00,"Sitelinks, Video, People also ask, Knowledge panel, Related searches"
